"Date Printed: Monday, March 9, 2026 3:25:36 PM"
Title: "Households living below the federal poverty level | Uninsured | 2017 | 2018 | 2019 | 2020 (COVID-19 Pandemic) | 2021 | 2022 | Alabama | Alaska | Arizona | Arkansas | California | Colorado | Connecticut | Delaware | District of Columbia | Florida | Georgia | Hawaii | Idaho | Illinois | Indiana | Iowa | Kansas | Kentucky | Louisiana | Maine | Maryland | Massachusetts | Michigan | Minnesota | Mississippi | Missouri | Montana | Nebraska | Nevada | New Hampshire | New Jersey | New Mexico | New York | North Carolina | North Dakota | Ohio | Oklahoma | Oregon | Pennsylvania | Rhode Island | South Carolina | South Dakota | Tennessee | Texas | Utah | Vermont | Virginia | Washington | West Virginia | Wisconsin | Wyoming""
Footnote(s): The Census Bureau urges data users to exercise caution when using the 1-year 2020 experimental ACS data estimates and to determine whether the data are suitable for their particular use. Planning region data for Connecticut are temporarily not available due to the transition from counties to planning regions.
   NA - Not Applicable.



Indicator,Year,Geography,FIPS,Numerator,Percent
"Uninsured","2017","Alabama","01","448,926","9.4"
"Households living below the federal poverty level","2017","Alabama","01","154,072","12.8"
"Uninsured","2018","Alabama","01","481,259","10.0"
"Households living below the federal poverty level","2018","Alabama","01","148,205","12.2"
"Uninsured","2019","Alabama","01","468,901","9.7"
"Households living below the federal poverty level","2019","Alabama","01","138,643","11.2"
"Uninsured","2020 (COVID-19 Pandemic)","Alabama","01","469,786","9.7"
"Households living below the federal poverty level","2020 (COVID-19 Pandemic)","Alabama","01","117,112","9.8"
"Uninsured","2021","Alabama","01","488,571","9.9"
"Households living below the federal poverty level","2021","Alabama","01","148,751","11.7"
"Uninsured","2022","Alabama","01","437,268","8.8"
"Households living below the federal poverty level","2022","Alabama","01","157,078","12.0"
"Uninsured","2017","Alaska","02","97,796","13.7"
"Households living below the federal poverty level","2017","Alaska","02","12,388","7.4"
"Uninsured","2018","Alaska","02","90,128","12.6"
"Households living below the federal poverty level","2018","Alaska","02","12,565","7.5"
"Uninsured","2019","Alaska","02","86,187","12.2"
"Households living below the federal poverty level","2019","Alaska","02","10,767","6.6"
"Uninsured","2020 (COVID-19 Pandemic)","Alaska","02","81,205","11.6"
"Households living below the federal poverty level","2020 (COVID-19 Pandemic)","Alaska","02","9,291","5.6"
"Uninsured","2021","Alaska","02","80,083","11.4"
"Households living below the federal poverty level","2021","Alaska","02","12,238","7.1"
"Uninsured","2022","Alaska","02","76,973","11.0"
"Households living below the federal poverty level","2022","Alaska","02","12,832","7.3"
"Uninsured","2017","Arizona","04","694,790","10.1"
"Households living below the federal poverty level","2017","Arizona","04","176,799","10.7"
"Uninsured","2018","Arizona","04","749,977","10.6"
"Households living below the federal poverty level","2018","Arizona","04","169,588","9.9"
"Uninsured","2019","Arizona","04","808,643","11.3"
"Households living below the federal poverty level","2019","Arizona","04","165,367","9.5"
"Uninsured","2020 (COVID-19 Pandemic)","Arizona","04","816,797","11.2"
"Households living below the federal poverty level","2020 (COVID-19 Pandemic)","Arizona","04","155,363","8.8"
"Uninsured","2021","Arizona","04","766,140","10.7"
"Households living below the federal poverty level","2021","Arizona","04","168,018","9.1"
"Uninsured","2022","Arizona","04","748,712","10.3"
"Households living below the federal poverty level","2022","Arizona","04","164,074","8.9"
"Uninsured","2017","Arkansas","05","231,802","7.9"
"Households living below the federal poverty level","2017","Arkansas","05","87,545","11.6"
"Uninsured","2018","Arkansas","05","243,585","8.2"
"Households living below the federal poverty level","2018","Arkansas","05","97,680","12.7"
"Uninsured","2019","Arkansas","05","270,970","9.1"
"Households living below the federal poverty level","2019","Arkansas","05","88,371","11.7"
"Uninsured","2020 (COVID-19 Pandemic)","Arkansas","05","251,481","8.5"
"Households living below the federal poverty level","2020 (COVID-19 Pandemic)","Arkansas","05","84,534","11.0"
"Uninsured","2021","Arkansas","05","273,029","9.2"
"Households living below the federal poverty level","2021","Arkansas","05","90,205","11.6"
"Uninsured","2022","Arkansas","05","252,143","8.4"
"Households living below the federal poverty level","2022","Arkansas","05","91,796","11.8"
"Uninsured","2017","California","06","2,796,589","7.2"
"Households living below the federal poverty level","2017","California","06","855,419","9.6"
"Uninsured","2018","California","06","2,825,620","7.2"
"Households living below the federal poverty level","2018","California","06","813,051","9.1"
"Uninsured","2019","California","06","3,001,997","7.7"
"Households living below the federal poverty level","2019","California","06","735,757","8.2"
"Uninsured","2020 (COVID-19 Pandemic)","California","06","2,747,459","7.1"
"Households living below the federal poverty level","2020 (COVID-19 Pandemic)","California","06","686,797","7.7"
"Uninsured","2021","California","06","2,712,540","7.0"
"Households living below the federal poverty level","2021","California","06","823,195","9.0"
"Uninsured","2022","California","06","2,491,843","6.5"
"Households living below the federal poverty level","2022","California","06","786,969","8.6"
"Uninsured","2017","Colorado","08","414,077","7.5"
"Households living below the federal poverty level","2017","Colorado","08","91,576","6.7"
"Uninsured","2018","Colorado","08","421,644","7.5"
"Households living below the federal poverty level","2018","Colorado","08","85,108","6.2"
"Uninsured","2019","Colorado","08","453,475","8.0"
"Households living below the federal poverty level","2019","Colorado","08","82,467","5.8"
"Uninsured","2020 (COVID-19 Pandemic)","Colorado","08","482,390","8.4"
"Households living below the federal poverty level","2020 (COVID-19 Pandemic)","Colorado","08","73,003","5.4"
"Uninsured","2021","Colorado","08","455,360","8.0"
"Households living below the federal poverty level","2021","Colorado","08","89,816","6.2"
"Uninsured","2022","Colorado","08","408,525","7.1"
"Households living below the federal poverty level","2022","Colorado","08","84,922","5.8"
"Uninsured","2017","Connecticut","09","193,796","5.5"
"Households living below the federal poverty level","2017","Connecticut","09","56,147","6.4"
"Uninsured","2018","Connecticut","09","186,923","5.3"
"Households living below the federal poverty level","2018","Connecticut","09","63,327","7.1"
"Uninsured","2019","Connecticut","09","207,184","5.9"
"Households living below the federal poverty level","2019","Connecticut","09","60,242","6.8"
"Uninsured","2020 (COVID-19 Pandemic)","Connecticut","09","163,049","4.6"
"Households living below the federal poverty level","2020 (COVID-19 Pandemic)","Connecticut","09","56,995","6.4"
"Uninsured","2021","Connecticut","09","183,531","5.2"
"Households living below the federal poverty level","2021","Connecticut","09","61,396","6.7"
"Uninsured","2022","Connecticut","09","184,916","5.2"
"Households living below the federal poverty level","2022","Connecticut","09","58,665","6.5"
"Uninsured","2017","Delaware","10","51,243","5.4"
"Households living below the federal poverty level","2017","Delaware","10","21,693","9.2"
"Uninsured","2018","Delaware","10","53,962","5.7"
"Households living below the federal poverty level","2018","Delaware","10","20,026","8.4"
"Uninsured","2019","Delaware","10","62,770","6.6"
"Households living below the federal poverty level","2019","Delaware","10","18,436","7.6"
"Uninsured","2020 (COVID-19 Pandemic)","Delaware","10","61,597","6.3"
"Households living below the federal poverty level","2020 (COVID-19 Pandemic)","Delaware","10","17,311","7.2"
"Uninsured","2021","Delaware","10","56,726","5.7"
"Households living below the federal poverty level","2021","Delaware","10","22,051","8.6"
"Uninsured","2022","Delaware","10","56,790","5.6"
"Households living below the federal poverty level","2022","Delaware","10","17,152","6.5"
"Uninsured","2017","District of Columbia","11","26,011","3.8"
"Households living below the federal poverty level","2017","District of Columbia","11","15,874","13.3"
"Uninsured","2018","District of Columbia","11","21,897","3.2"
"Households living below the federal poverty level","2018","District of Columbia","11","13,733","11.3"
"Uninsured","2019","District of Columbia","11","24,506","3.5"
"Households living below the federal poverty level","2019","District of Columbia","11","10,998","8.8"
"Uninsured","2020 (COVID-19 Pandemic)","District of Columbia","11","24,280","3.5"
"Households living below the federal poverty level","2020 (COVID-19 Pandemic)","District of Columbia","11","8,849","8.0"
"Uninsured","2021","District of Columbia","11","24,227","3.7"
"Households living below the federal poverty level","2021","District of Columbia","11","16,477","12.8"
"Uninsured","2022","District of Columbia","11","19,474","2.9"
"Households living below the federal poverty level","2022","District of Columbia","11","10,776","8.7"
"Uninsured","2017","Florida","12","2,676,147","12.9"
"Households living below the federal poverty level","2017","Florida","12","499,294","10.1"
"Uninsured","2018","Florida","12","2,728,485","13.0"
"Households living below the federal poverty level","2018","Florida","12","487,572","9.7"
"Uninsured","2019","Florida","12","2,784,348","13.2"
"Households living below the federal poverty level","2019","Florida","12","442,245","8.7"
"Uninsured","2020 (COVID-19 Pandemic)","Florida","12","2,643,624","12.4"
"Households living below the federal poverty level","2020 (COVID-19 Pandemic)","Florida","12","398,844","7.8"
"Uninsured","2021","Florida","12","2,598,467","12.1"
"Households living below the federal poverty level","2021","Florida","12","518,002","9.4"
"Uninsured","2022","Florida","12","2,447,725","11.2"
"Households living below the federal poverty level","2022","Florida","12","511,595","9.0"
"Uninsured","2017","Georgia","13","1,375,176","13.4"
"Households living below the federal poverty level","2017","Georgia","13","280,362","11.1"
"Uninsured","2018","Georgia","13","1,411,183","13.7"
"Households living below the federal poverty level","2018","Georgia","13","274,040","10.8"
"Uninsured","2019","Georgia","13","1,397,823","13.4"
"Households living below the federal poverty level","2019","Georgia","13","245,322","9.6"
"Uninsured","2020 (COVID-19 Pandemic)","Georgia","13","1,370,379","13.0"
"Households living below the federal poverty level","2020 (COVID-19 Pandemic)","Georgia","13","235,523","9.3"
"Uninsured","2021","Georgia","13","1,338,922","12.6"
"Households living below the federal poverty level","2021","Georgia","13","283,577","10.6"
"Uninsured","2022","Georgia","13","1,251,216","11.7"
"Households living below the federal poverty level","2022","Georgia","13","256,923","9.4"
"Uninsured","2017","Hawaii","15","52,827","3.8"
"Households living below the federal poverty level","2017","Hawaii","15","23,705","7.4"
"Uninsured","2018","Hawaii","15","55,799","4.1"
"Households living below the federal poverty level","2018","Hawaii","15","18,060","5.7"
"Uninsured","2019","Hawaii","15","56,479","4.2"
"Households living below the federal poverty level","2019","Hawaii","15","20,237","6.4"
"Uninsured","2020 (COVID-19 Pandemic)","Hawaii","15","53,195","3.9"
"Households living below the federal poverty level","2020 (COVID-19 Pandemic)","Hawaii","15","19,723","6.0"
"Uninsured","2021","Hawaii","15","54,462","3.9"
"Households living below the federal poverty level","2021","Hawaii","15","26,791","8.0"
"Uninsured","2022","Hawaii","15","48,833","3.5"
"Households living below the federal poverty level","2022","Hawaii","15","22,113","6.6"
"Uninsured","2017","Idaho","16","172,013","10.1"
"Households living below the federal poverty level","2017","Idaho","16","36,101","8.6"
"Uninsured","2018","Idaho","16","192,620","11.1"
"Households living below the federal poverty level","2018","Idaho","16","35,897","8.2"
"Uninsured","2019","Idaho","16","191,195","10.8"
"Households living below the federal poverty level","2019","Idaho","16","33,224","7.4"
"Uninsured","2020 (COVID-19 Pandemic)","Idaho","16","174,046","9.6"
"Households living below the federal poverty level","2020 (COVID-19 Pandemic)","Idaho","16","31,250","6.7"
"Uninsured","2021","Idaho","16","165,929","8.8"
"Households living below the federal poverty level","2021","Idaho","16","36,688","7.7"
"Uninsured","2022","Idaho","16","156,638","8.2"
"Households living below the federal poverty level","2022","Idaho","16","33,392","6.8"
"Uninsured","2017","Illinois","17","859,257","6.8"
"Households living below the federal poverty level","2017","Illinois","17","277,519","9.0"
"Uninsured","2018","Illinois","17","874,608","7.0"
"Households living below the federal poverty level","2018","Illinois","17","265,124","8.5"
"Uninsured","2019","Illinois","17","923,291","7.4"
"Households living below the federal poverty level","2019","Illinois","17","241,666","7.9"
"Uninsured","2020 (COVID-19 Pandemic)","Illinois","17","881,009","7.1"
"Households living below the federal poverty level","2020 (COVID-19 Pandemic)","Illinois","17","228,422","7.4"
"Uninsured","2021","Illinois","17","875,099","7.0"
"Households living below the federal poverty level","2021","Illinois","17","269,661","8.6"
"Uninsured","2022","Illinois","17","813,235","6.6"
"Households living below the federal poverty level","2022","Illinois","17","260,447","8.3"
"Uninsured","2017","Indiana","18","536,399","8.2"
"Households living below the federal poverty level","2017","Indiana","18","152,729","9.2"
"Uninsured","2018","Indiana","18","545,123","8.3"
"Households living below the federal poverty level","2018","Indiana","18","156,535","9.3"
"Uninsured","2019","Indiana","18","578,436","8.7"
"Households living below the federal poverty level","2019","Indiana","18","127,860","7.8"
"Uninsured","2020 (COVID-19 Pandemic)","Indiana","18","497,005","7.5"
"Households living below the federal poverty level","2020 (COVID-19 Pandemic)","Indiana","18","135,038","8.0"
"Uninsured","2021","Indiana","18","504,396","7.5"
"Households living below the federal poverty level","2021","Indiana","18","142,548","8.3"
"Uninsured","2022","Indiana","18","469,462","7.0"
"Households living below the federal poverty level","2022","Indiana","18","153,129","8.8"
"Uninsured","2017","Iowa","19","146,017","4.7"
"Households living below the federal poverty level","2017","Iowa","19","53,239","6.7"
"Uninsured","2018","Iowa","19","147,039","4.7"
"Households living below the federal poverty level","2018","Iowa","19","57,624","7.2"
"Uninsured","2019","Iowa","19","156,062","5.0"
"Households living below the federal poverty level","2019","Iowa","19","59,043","7.3"
"Uninsured","2020 (COVID-19 Pandemic)","Iowa","19","152,357","4.9"
"Households living below the federal poverty level","2020 (COVID-19 Pandemic)","Iowa","19","54,751","6.8"
"Uninsured","2021","Iowa","19","151,285","4.8"
"Households living below the federal poverty level","2021","Iowa","19","55,717","6.9"
"Uninsured","2022","Iowa","19","140,796","4.5"
"Households living below the federal poverty level","2022","Iowa","19","55,893","6.8"
"Uninsured","2017","Kansas","20","249,392","8.7"
"Households living below the federal poverty level","2017","Kansas","20","57,958","7.9"
"Uninsured","2018","Kansas","20","250,355","8.8"
"Households living below the federal poverty level","2018","Kansas","20","58,140","8.0"
"Uninsured","2019","Kansas","20","262,392","9.2"
"Households living below the federal poverty level","2019","Kansas","20","55,012","7.5"
"Uninsured","2020 (COVID-19 Pandemic)","Kansas","20","252,299","8.8"
"Households living below the federal poverty level","2020 (COVID-19 Pandemic)","Kansas","20","55,024","7.4"
"Uninsured","2021","Kansas","20","263,730","9.2"
"Households living below the federal poverty level","2021","Kansas","20","59,282","8.0"
"Uninsured","2022","Kansas","20","247,070","8.6"
"Households living below the federal poverty level","2022","Kansas","20","57,011","7.7"
"Uninsured","2017","Kentucky","21","235,227","5.4"
"Households living below the federal poverty level","2017","Kentucky","21","145,748","12.9"
"Uninsured","2018","Kentucky","21","247,641","5.6"
"Households living below the federal poverty level","2018","Kentucky","21","143,505","12.6"
"Uninsured","2019","Kentucky","21","282,563","6.4"
"Households living below the federal poverty level","2019","Kentucky","21","133,255","11.8"
"Uninsured","2020 (COVID-19 Pandemic)","Kentucky","21","254,911","5.8"
"Households living below the federal poverty level","2020 (COVID-19 Pandemic)","Kentucky","21","117,305","10.4"
"Uninsured","2021","Kentucky","21","250,787","5.7"
"Households living below the federal poverty level","2021","Kentucky","21","141,462","12.2"
"Uninsured","2022","Kentucky","21","246,961","5.6"
"Households living below the federal poverty level","2022","Kentucky","21","139,482","11.9"
"Uninsured","2017","Louisiana","22","382,649","8.4"
"Households living below the federal poverty level","2017","Louisiana","22","162,765","14.7"
"Uninsured","2018","Louisiana","22","363,362","8.0"
"Households living below the federal poverty level","2018","Louisiana","22","150,259","13.6"
"Uninsured","2019","Louisiana","22","404,253","8.9"
"Households living below the federal poverty level","2019","Louisiana","22","159,278","14.3"
"Uninsured","2020 (COVID-19 Pandemic)","Louisiana","22","372,362","8.2"
"Households living below the federal poverty level","2020 (COVID-19 Pandemic)","Louisiana","22","134,455","12.4"
"Uninsured","2021","Louisiana","22","345,499","7.6"
"Households living below the federal poverty level","2021","Louisiana","22","172,995","15.2"
"Uninsured","2022","Louisiana","22","312,196","6.9"
"Households living below the federal poverty level","2022","Louisiana","22","158,359","14.0"
"Uninsured","2017","Maine","23","107,067","8.1"
"Households living below the federal poverty level","2017","Maine","23","20,797","6.3"
"Uninsured","2018","Maine","23","106,187","8.0"
"Households living below the federal poverty level","2018","Maine","23","25,006","7.3"
"Uninsured","2019","Maine","23","106,537","8.0"
"Households living below the federal poverty level","2019","Maine","23","22,288","6.5"
"Uninsured","2020 (COVID-19 Pandemic)","Maine","23","99,458","7.5"
"Households living below the federal poverty level","2020 (COVID-19 Pandemic)","Maine","23","22,065","6.4"
"Uninsured","2021","Maine","23","77,639","5.7"
"Households living below the federal poverty level","2021","Maine","23","26,296","7.2"
"Uninsured","2022","Maine","23","89,783","6.6"
"Households living below the federal poverty level","2022","Maine","23","22,997","6.2"
"Uninsured","2017","Maryland","24","365,597","6.1"
"Households living below the federal poverty level","2017","Maryland","24","91,129","6.2"
"Uninsured","2018","Maryland","24","356,708","6.0"
"Households living below the federal poverty level","2018","Maryland","24","88,342","6.0"
"Uninsured","2019","Maryland","24","356,831","6.0"
"Households living below the federal poverty level","2019","Maryland","24","84,800","5.8"
"Uninsured","2020 (COVID-19 Pandemic)","Maryland","24","340,095","5.7"
"Households living below the federal poverty level","2020 (COVID-19 Pandemic)","Maryland","24","80,016","5.4"
"Uninsured","2021","Maryland","24","369,269","6.1"
"Households living below the federal poverty level","2021","Maryland","24","114,637","7.4"
"Uninsured","2022","Maryland","24","368,393","6.1"
"Households living below the federal poverty level","2022","Maryland","24","102,054","6.6"
"Uninsured","2017","Massachusetts","25","189,801","2.8"
"Households living below the federal poverty level","2017","Massachusetts","25","118,959","7.2"
"Uninsured","2018","Massachusetts","25","188,907","2.8"
"Households living below the federal poverty level","2018","Massachusetts","25","106,873","6.5"
"Uninsured","2019","Massachusetts","25","204,079","3.0"
"Households living below the federal poverty level","2019","Massachusetts","25","99,900","6.0"
"Uninsured","2020 (COVID-19 Pandemic)","Massachusetts","25","180,330","2.6"
"Households living below the federal poverty level","2020 (COVID-19 Pandemic)","Massachusetts","25","101,186","6.1"
"Uninsured","2021","Massachusetts","25","172,655","2.5"
"Households living below the federal poverty level","2021","Massachusetts","25","122,086","7.1"
"Uninsured","2022","Massachusetts","25","167,659","2.4"
"Households living below the federal poverty level","2022","Massachusetts","25","118,980","6.9"
"Uninsured","2017","Michigan","26","509,539","5.2"
"Households living below the federal poverty level","2017","Michigan","26","244,246","9.7"
"Uninsured","2018","Michigan","26","534,551","5.4"
"Households living below the federal poverty level","2018","Michigan","26","239,400","9.5"
"Uninsured","2019","Michigan","26","571,140","5.8"
"Households living below the federal poverty level","2019","Michigan","26","219,696","8.8"
"Uninsured","2020 (COVID-19 Pandemic)","Michigan","26","519,756","5.3"
"Households living below the federal poverty level","2020 (COVID-19 Pandemic)","Michigan","26","205,184","8.2"
"Uninsured","2021","Michigan","26","495,404","5.0"
"Households living below the federal poverty level","2021","Michigan","26","229,458","9.0"
"Uninsured","2022","Michigan","26","451,480","4.5"
"Households living below the federal poverty level","2022","Michigan","26","231,918","9.1"
"Uninsured","2017","Minnesota","27","242,509","4.4"
"Households living below the federal poverty level","2017","Minnesota","27","80,547","5.8"
"Uninsured","2018","Minnesota","27","244,379","4.4"
"Households living below the federal poverty level","2018","Minnesota","27","79,619","5.7"
"Uninsured","2019","Minnesota","27","272,612","4.9"
"Households living below the federal poverty level","2019","Minnesota","27","72,884","5.2"
"Uninsured","2020 (COVID-19 Pandemic)","Minnesota","27","277,028","4.9"
"Households living below the federal poverty level","2020 (COVID-19 Pandemic)","Minnesota","27","68,289","4.9"
"Uninsured","2021","Minnesota","27","251,824","4.5"
"Households living below the federal poverty level","2021","Minnesota","27","78,497","5.5"
"Uninsured","2022","Minnesota","27","254,423","4.5"
"Households living below the federal poverty level","2022","Minnesota","27","87,378","6.0"
"Uninsured","2017","Mississippi","28","351,754","12.0"
"Households living below the federal poverty level","2017","Mississippi","28","106,751","14.9"
"Uninsured","2018","Mississippi","28","354,151","12.1"
"Households living below the federal poverty level","2018","Mississippi","28","109,192","15.0"
"Uninsured","2019","Mississippi","28","376,872","13.0"
"Households living below the federal poverty level","2019","Mississippi","28","106,321","14.8"
"Uninsured","2020 (COVID-19 Pandemic)","Mississippi","28","338,827","11.7"
"Households living below the federal poverty level","2020 (COVID-19 Pandemic)","Mississippi","28","103,210","14.2"
"Uninsured","2021","Mississippi","28","343,002","11.9"
"Households living below the federal poverty level","2021","Mississippi","28","106,970","14.4"
"Uninsured","2022","Mississippi","28","311,574","10.8"
"Households living below the federal poverty level","2022","Mississippi","28","107,105","14.2"
"Uninsured","2017","Missouri","29","548,271","9.1"
"Households living below the federal poverty level","2017","Missouri","29","140,508","9.2"
"Uninsured","2018","Missouri","29","566,327","9.4"
"Households living below the federal poverty level","2018","Missouri","29","139,579","9.0"
"Uninsured","2019","Missouri","29","603,702","10.0"
"Households living below the federal poverty level","2019","Missouri","29","136,052","8.8"
"Uninsured","2020 (COVID-19 Pandemic)","Missouri","29","609,328","10.1"
"Households living below the federal poverty level","2020 (COVID-19 Pandemic)","Missouri","29","121,780","8.0"
"Uninsured","2021","Missouri","29","570,898","9.4"
"Households living below the federal poverty level","2021","Missouri","29","130,682","8.4"
"Uninsured","2022","Missouri","29","520,745","8.6"
"Households living below the federal poverty level","2022","Missouri","29","136,566","8.7"
"Uninsured","2017","Montana","30","87,709","8.5"
"Households living below the federal poverty level","2017","Montana","30","20,230","7.7"
"Uninsured","2018","Montana","30","86,029","8.2"
"Households living below the federal poverty level","2018","Montana","30","20,455","7.7"
"Uninsured","2019","Montana","30","87,141","8.3"
"Households living below the federal poverty level","2019","Montana","30","21,252","7.9"
"Uninsured","2020 (COVID-19 Pandemic)","Montana","30","92,625","8.7"
"Households living below the federal poverty level","2020 (COVID-19 Pandemic)","Montana","30","19,762","7.4"
"Uninsured","2021","Montana","30","89,432","8.2"
"Households living below the federal poverty level","2021","Montana","30","19,844","7.2"
"Uninsured","2022","Montana","30","91,272","8.3"
"Households living below the federal poverty level","2022","Montana","30","20,601","7.3"
"Uninsured","2017","Nebraska","31","156,784","8.3"
"Households living below the federal poverty level","2017","Nebraska","31","34,919","7.2"
"Uninsured","2018","Nebraska","31","157,612","8.3"
"Households living below the federal poverty level","2018","Nebraska","31","34,480","7.1"
"Uninsured","2019","Nebraska","31","157,923","8.3"
"Households living below the federal poverty level","2019","Nebraska","31","30,567","6.2"
"Uninsured","2020 (COVID-19 Pandemic)","Nebraska","31","154,079","8.1"
"Households living below the federal poverty level","2020 (COVID-19 Pandemic)","Nebraska","31","28,305","5.8"
"Uninsured","2021","Nebraska","31","137,604","7.1"
"Households living below the federal poverty level","2021","Nebraska","31","33,174","6.7"
"Uninsured","2022","Nebraska","31","129,571","6.7"
"Households living below the federal poverty level","2022","Nebraska","31","38,622","7.7"
"Uninsured","2017","Nevada","32","332,624","11.2"
"Households living below the federal poverty level","2017","Nevada","32","63,741","9.1"
"Uninsured","2018","Nevada","32","336,191","11.2"
"Households living below the federal poverty level","2018","Nevada","32","64,304","9.1"
"Uninsured","2019","Nevada","32","347,631","11.4"
"Households living below the federal poverty level","2019","Nevada","32","62,967","8.7"
"Uninsured","2020 (COVID-19 Pandemic)","Nevada","32","370,912","12.0"
"Households living below the federal poverty level","2020 (COVID-19 Pandemic)","Nevada","32","59,557","8.0"
"Uninsured","2021","Nevada","32","361,664","11.6"
"Households living below the federal poverty level","2021","Nevada","32","79,891","10.6"
"Uninsured","2022","Nevada","32","348,688","11.1"
"Households living below the federal poverty level","2022","Nevada","32","70,403","9.1"
"Uninsured","2017","New Hampshire","33","77,059","5.8"
"Households living below the federal poverty level","2017","New Hampshire","33","16,964","4.9"
"Uninsured","2018","New Hampshire","33","77,011","5.7"
"Households living below the federal poverty level","2018","New Hampshire","33","16,062","4.7"
"Uninsured","2019","New Hampshire","33","84,024","6.3"
"Households living below the federal poverty level","2019","New Hampshire","33","14,549","4.2"
"Uninsured","2020 (COVID-19 Pandemic)","New Hampshire","33","82,240","6.1"
"Households living below the federal poverty level","2020 (COVID-19 Pandemic)","New Hampshire","33","14,524","4.2"
"Uninsured","2021","New Hampshire","33","70,511","5.1"
"Households living below the federal poverty level","2021","New Hampshire","33","17,338","4.8"
"Uninsured","2022","New Hampshire","33","67,521","4.9"
"Households living below the federal poverty level","2022","New Hampshire","33","14,682","4.1"
"Uninsured","2017","New Jersey","34","688,068","7.7"
"Households living below the federal poverty level","2017","New Jersey","34","163,172","7.3"
"Uninsured","2018","New Jersey","34","655,000","7.4"
"Households living below the federal poverty level","2018","New Jersey","34","153,983","6.9"
"Uninsured","2019","New Jersey","34","692,341","7.9"
"Households living below the federal poverty level","2019","New Jersey","34","138,976","6.2"
"Uninsured","2020 (COVID-19 Pandemic)","New Jersey","34","663,375","7.6"
"Households living below the federal poverty level","2020 (COVID-19 Pandemic)","New Jersey","34","158,325","7.0"
"Uninsured","2021","New Jersey","34","656,728","7.2"
"Households living below the federal poverty level","2021","New Jersey","34","176,070","7.4"
"Uninsured","2022","New Jersey","34","627,147","6.8"
"Households living below the federal poverty level","2022","New Jersey","34","161,735","6.8"
"Uninsured","2017","New Mexico","35","186,996","9.1"
"Households living below the federal poverty level","2017","New Mexico","35","72,822","15.2"
"Uninsured","2018","New Mexico","35","196,250","9.5"
"Households living below the federal poverty level","2018","New Mexico","35","74,802","15.1"
"Uninsured","2019","New Mexico","35","205,156","10.0"
"Households living below the federal poverty level","2019","New Mexico","35","68,084","13.7"
"Uninsured","2020 (COVID-19 Pandemic)","New Mexico","35","201,406","9.7"
"Households living below the federal poverty level","2020 (COVID-19 Pandemic)","New Mexico","35","60,726","12.5"
"Uninsured","2021","New Mexico","35","207,125","10.0"
"Households living below the federal poverty level","2021","New Mexico","35","74,739","14.3"
"Uninsured","2022","New Mexico","35","170,469","8.2"
"Households living below the federal poverty level","2022","New Mexico","35","65,074","12.6"
"Uninsured","2017","New York","36","1,112,942","5.7"
"Households living below the federal poverty level","2017","New York","36","480,481","10.4"
"Uninsured","2018","New York","36","1,041,233","5.4"
"Households living below the federal poverty level","2018","New York","36","463,294","10.0"
"Uninsured","2019","New York","36","1,006,528","5.2"
"Households living below the federal poverty level","2019","New York","36","431,181","9.3"
"Uninsured","2020 (COVID-19 Pandemic)","New York","36","989,169","5.2"
"Households living below the federal poverty level","2020 (COVID-19 Pandemic)","New York","36","433,801","9.3"
"Uninsured","2021","New York","36","1,019,287","5.2"
"Households living below the federal poverty level","2021","New York","36","476,290","10.1"
"Uninsured","2022","New York","36","944,796","4.9"
"Households living below the federal poverty level","2022","New York","36","488,037","10.3"
"Uninsured","2017","North Carolina","37","1,075,983","10.7"
"Households living below the federal poverty level","2017","North Carolina","37","274,559","10.6"
"Uninsured","2018","North Carolina","37","1,092,046","10.7"
"Households living below the federal poverty level","2018","North Carolina","37","267,474","10.2"
"Uninsured","2019","North Carolina","37","1,157,280","11.3"
"Households living below the federal poverty level","2019","North Carolina","37","252,515","9.6"
"Uninsured","2020 (COVID-19 Pandemic)","North Carolina","37","1,099,190","10.6"
"Households living below the federal poverty level","2020 (COVID-19 Pandemic)","North Carolina","37","219,155","8.5"
"Uninsured","2021","North Carolina","37","1,078,109","10.4"
"Households living below the federal poverty level","2021","North Carolina","37","252,455","9.4"
"Uninsured","2022","North Carolina","37","973,095","9.3"
"Households living below the federal poverty level","2022","North Carolina","37","259,051","9.3"
"Uninsured","2017","North Dakota","38","55,582","7.5"
"Households living below the federal poverty level","2017","North Dakota","38","11,603","6.1"
"Uninsured","2018","North Dakota","38","53,935","7.3"
"Households living below the federal poverty level","2018","North Dakota","38","10,711","5.7"
"Uninsured","2019","North Dakota","38","51,324","6.9"
"Households living below the federal poverty level","2019","North Dakota","38","12,318","6.5"
"Uninsured","2020 (COVID-19 Pandemic)","North Dakota","38","53,702","7.2"
"Households living below the federal poverty level","2020 (COVID-19 Pandemic)","North Dakota","38","14,189","7.4"
"Uninsured","2021","North Dakota","38","59,397","7.9"
"Households living below the federal poverty level","2021","North Dakota","38","12,002","6.3"
"Uninsured","2022","North Dakota","38","48,630","6.4"
"Households living below the federal poverty level","2022","North Dakota","38","12,594","6.5"
"Uninsured","2017","Ohio","39","686,014","6.0"
"Households living below the federal poverty level","2017","Ohio","39","289,215","9.8"
"Uninsured","2018","Ohio","39","743,905","6.5"
"Households living below the federal poverty level","2018","Ohio","39","283,652","9.7"
"Uninsured","2019","Ohio","39","757,762","6.6"
"Households living below the federal poverty level","2019","Ohio","39","270,717","9.2"
"Uninsured","2020 (COVID-19 Pandemic)","Ohio","39","771,620","6.7"
"Households living below the federal poverty level","2020 (COVID-19 Pandemic)","Ohio","39","254,778","8.7"
"Uninsured","2021","Ohio","39","757,709","6.5"
"Households living below the federal poverty level","2021","Ohio","39","280,726","9.4"
"Uninsured","2022","Ohio","39","682,549","5.9"
"Households living below the federal poverty level","2022","Ohio","39","277,432","9.3"
"Uninsured","2017","Oklahoma","40","545,483","14.2"
"Households living below the federal poverty level","2017","Oklahoma","40","111,841","11.6"
"Uninsured","2018","Oklahoma","40","548,316","14.2"
"Households living below the federal poverty level","2018","Oklahoma","40","112,097","11.4"
"Uninsured","2019","Oklahoma","40","552,835","14.3"
"Households living below the federal poverty level","2019","Oklahoma","40","105,381","10.8"
"Uninsured","2020 (COVID-19 Pandemic)","Oklahoma","40","595,430","15.3"
"Households living below the federal poverty level","2020 (COVID-19 Pandemic)","Oklahoma","40","94,731","9.7"
"Uninsured","2021","Oklahoma","40","537,825","13.8"
"Households living below the federal poverty level","2021","Oklahoma","40","114,982","11.5"
"Uninsured","2022","Oklahoma","40","460,880","11.7"
"Households living below the federal poverty level","2022","Oklahoma","40","116,004","11.4"
"Uninsured","2017","Oregon","41","280,816","6.8"
"Households living below the federal poverty level","2017","Oregon","41","88,966","8.8"
"Uninsured","2018","Oregon","41","293,107","7.1"
"Households living below the federal poverty level","2018","Oregon","41","82,212","8.0"
"Uninsured","2019","Oregon","41","299,420","7.2"
"Households living below the federal poverty level","2019","Oregon","41","67,425","6.6"
"Uninsured","2020 (COVID-19 Pandemic)","Oregon","41","276,223","6.6"
"Households living below the federal poverty level","2020 (COVID-19 Pandemic)","Oregon","41","69,394","6.6"
"Uninsured","2021","Oregon","41","255,438","6.1"
"Households living below the federal poverty level","2021","Oregon","41","80,106","7.6"
"Uninsured","2022","Oregon","41","252,437","6.0"
"Households living below the federal poverty level","2022","Oregon","41","80,163","7.7"
"Uninsured","2017","Pennsylvania","42","692,203","5.5"
"Households living below the federal poverty level","2017","Pennsylvania","42","257,360","8.1"
"Uninsured","2018","Pennsylvania","42","699,376","5.5"
"Households living below the federal poverty level","2018","Pennsylvania","42","262,056","8.1"
"Uninsured","2019","Pennsylvania","42","726,448","5.8"
"Households living below the federal poverty level","2019","Pennsylvania","42","264,714","8.2"
"Uninsured","2020 (COVID-19 Pandemic)","Pennsylvania","42","790,932","6.3"
"Households living below the federal poverty level","2020 (COVID-19 Pandemic)","Pennsylvania","42","237,627","7.3"
"Uninsured","2021","Pennsylvania","42","701,541","5.5"
"Households living below the federal poverty level","2021","Pennsylvania","42","273,780","8.3"
"Uninsured","2022","Pennsylvania","42","680,937","5.3"
"Households living below the federal poverty level","2022","Pennsylvania","42","260,290","7.9"
"Uninsured","2017","Rhode Island","44","48,190","4.6"
"Households living below the federal poverty level","2017","Rhode Island","44","19,893","7.9"
"Uninsured","2018","Rhode Island","44","42,481","4.1"
"Households living below the federal poverty level","2018","Rhode Island","44","22,520","9.1"
"Uninsured","2019","Rhode Island","44","42,720","4.1"
"Households living below the federal poverty level","2019","Rhode Island","44","16,499","6.6"
"Uninsured","2020 (COVID-19 Pandemic)","Rhode Island","44","38,331","3.7"
"Households living below the federal poverty level","2020 (COVID-19 Pandemic)","Rhode Island","44","15,706","6.0"
"Uninsured","2021","Rhode Island","44","46,945","4.3"
"Households living below the federal poverty level","2021","Rhode Island","44","18,810","7.0"
"Uninsured","2022","Rhode Island","44","45,382","4.2"
"Households living below the federal poverty level","2022","Rhode Island","44","17,884","6.7"
"Uninsured","2017","South Carolina","45","541,533","11.0"
"Households living below the federal poverty level","2017","South Carolina","45","141,618","11.3"
"Uninsured","2018","South Carolina","45","522,459","10.5"
"Households living below the federal poverty level","2018","South Carolina","45","135,893","10.8"
"Uninsured","2019","South Carolina","45","547,666","10.8"
"Households living below the federal poverty level","2019","South Carolina","45","126,060","9.8"
"Uninsured","2020 (COVID-19 Pandemic)","South Carolina","45","535,083","10.5"
"Households living below the federal poverty level","2020 (COVID-19 Pandemic)","South Carolina","45","117,500","9.2"
"Uninsured","2021","South Carolina","45","511,935","10.0"
"Households living below the federal poverty level","2021","South Carolina","45","144,427","10.8"
"Uninsured","2022","South Carolina","45","470,480","9.1"
"Households living below the federal poverty level","2022","South Carolina","45","139,841","10.0"
"Uninsured","2017","South Dakota","46","77,338","9.1"
"Households living below the federal poverty level","2017","South Dakota","46","17,926","8.4"
"Uninsured","2018","South Dakota","46","84,707","9.8"
"Households living below the federal poverty level","2018","South Dakota","46","17,577","8.0"
"Uninsured","2019","South Dakota","46","88,337","10.2"
"Households living below the federal poverty level","2019","South Dakota","46","16,349","7.3"
"Uninsured","2020 (COVID-19 Pandemic)","South Dakota","46","85,801","9.8"
"Households living below the federal poverty level","2020 (COVID-19 Pandemic)","South Dakota","46","15,945","7.3"
"Uninsured","2021","South Dakota","46","83,320","9.5"
"Households living below the federal poverty level","2021","South Dakota","46","17,475","7.9"
"Uninsured","2022","South Dakota","46","71,588","8.1"
"Households living below the federal poverty level","2022","South Dakota","46","17,313","7.7"
"Uninsured","2017","Tennessee","47","629,142","9.5"
"Households living below the federal poverty level","2017","Tennessee","47","186,116","10.9"
"Uninsured","2018","Tennessee","47","674,865","10.1"
"Households living below the federal poverty level","2018","Tennessee","47","193,023","11.3"
"Uninsured","2019","Tennessee","47","681,647","10.1"
"Households living below the federal poverty level","2019","Tennessee","47","172,790","10.0"
"Uninsured","2020 (COVID-19 Pandemic)","Tennessee","47","691,111","10.2"
"Households living below the federal poverty level","2020 (COVID-19 Pandemic)","Tennessee","47","155,083","9.1"
"Uninsured","2021","Tennessee","47","686,104","10.0"
"Households living below the federal poverty level","2021","Tennessee","47","172,932","9.7"
"Uninsured","2022","Tennessee","47","647,059","9.3"
"Households living below the federal poverty level","2022","Tennessee","47","177,270","9.6"
"Uninsured","2017","Texas","48","4,816,968","17.3"
"Households living below the federal poverty level","2017","Texas","48","756,655","11.3"
"Uninsured","2018","Texas","48","5,002,893","17.7"
"Households living below the federal poverty level","2018","Texas","48","767,251","11.4"
"Uninsured","2019","Texas","48","5,233,960","18.4"
"Households living below the federal poverty level","2019","Texas","48","720,052","10.5"
"Uninsured","2020 (COVID-19 Pandemic)","Texas","48","5,061,949","17.5"
"Households living below the federal poverty level","2020 (COVID-19 Pandemic)","Texas","48","658,064","9.6"
"Uninsured","2021","Texas","48","5,224,044","18.0"
"Households living below the federal poverty level","2021","Texas","48","811,050","11.0"
"Uninsured","2022","Texas","48","4,898,967","16.6"
"Households living below the federal poverty level","2022","Texas","48","815,687","10.9"
"Uninsured","2017","Utah","49","281,753","9.2"
"Households living below the federal poverty level","2017","Utah","49","48,453","6.7"
"Uninsured","2018","Utah","49","295,364","9.4"
"Households living below the federal poverty level","2018","Utah","49","45,370","6.1"
"Uninsured","2019","Utah","49","306,856","9.7"
"Households living below the federal poverty level","2019","Utah","49","46,419","6.1"
"Uninsured","2020 (COVID-19 Pandemic)","Utah","49","273,006","8.5"
"Households living below the federal poverty level","2020 (COVID-19 Pandemic)","Utah","49","36,222","4.7"
"Uninsured","2021","Utah","49","298,788","9.0"
"Households living below the federal poverty level","2021","Utah","49","47,084","5.9"
"Uninsured","2022","Utah","49","272,623","8.1"
"Households living below the federal poverty level","2022","Utah","49","46,513","5.6"
"Uninsured","2017","Vermont","50","28,111","4.6"
"Households living below the federal poverty level","2017","Vermont","50","10,755","7.0"
"Uninsured","2018","Vermont","50","24,988","4.0"
"Households living below the federal poverty level","2018","Vermont","50","9,660","6.2"
"Uninsured","2019","Vermont","50","27,741","4.5"
"Households living below the federal poverty level","2019","Vermont","50","9,057","5.8"
"Uninsured","2020 (COVID-19 Pandemic)","Vermont","50","25,505","4.1"
"Households living below the federal poverty level","2020 (COVID-19 Pandemic)","Vermont","50","6,650","4.3"
"Uninsured","2021","Vermont","50","23,375","3.7"
"Households living below the federal poverty level","2021","Vermont","50","10,397","6.3"
"Uninsured","2022","Vermont","50","24,801","3.9"
"Households living below the federal poverty level","2022","Vermont","50","10,856","6.6"
"Uninsured","2017","Virginia","51","729,179","8.8"
"Households living below the federal poverty level","2017","Virginia","51","148,478","7.1"
"Uninsured","2018","Virginia","51","731,469","8.8"
"Households living below the federal poverty level","2018","Virginia","51","148,696","7.1"
"Uninsured","2019","Virginia","51","658,286","7.9"
"Households living below the federal poverty level","2019","Virginia","51","136,160","6.5"
"Uninsured","2020 (COVID-19 Pandemic)","Virginia","51","605,047","7.2"
"Households living below the federal poverty level","2020 (COVID-19 Pandemic)","Virginia","51","119,748","5.8"
"Uninsured","2021","Virginia","51","574,178","6.8"
"Households living below the federal poverty level","2021","Virginia","51","149,381","6.9"
"Uninsured","2022","Virginia","51","545,005","6.5"
"Households living below the federal poverty level","2022","Virginia","51","162,201","7.4"
"Uninsured","2017","Washington","53","446,106","6.1"
"Households living below the federal poverty level","2017","Washington","53","130,199","7.1"
"Uninsured","2018","Washington","53","477,284","6.4"
"Households living below the federal poverty level","2018","Washington","53","118,417","6.3"
"Uninsured","2019","Washington","53","496,047","6.6"
"Households living below the federal poverty level","2019","Washington","53","116,740","6.2"
"Uninsured","2020 (COVID-19 Pandemic)","Washington","53","477,084","6.3"
"Households living below the federal poverty level","2020 (COVID-19 Pandemic)","Washington","53","115,840","6.1"
"Uninsured","2021","Washington","53","488,053","6.4"
"Households living below the federal poverty level","2021","Washington","53","125,910","6.5"
"Uninsured","2022","Washington","53","467,558","6.1"
"Households living below the federal poverty level","2022","Washington","53","125,803","6.5"
"Uninsured","2017","West Virginia","54","108,889","6.1"
"Households living below the federal poverty level","2017","West Virginia","54","65,077","14.1"
"Uninsured","2018","West Virginia","54","114,106","6.4"
"Households living below the federal poverty level","2018","West Virginia","54","60,048","13.0"
"Uninsured","2019","West Virginia","54","117,644","6.7"
"Households living below the federal poverty level","2019","West Virginia","54","52,222","11.1"
"Uninsured","2020 (COVID-19 Pandemic)","West Virginia","54","116,485","6.6"
"Households living below the federal poverty level","2020 (COVID-19 Pandemic)","West Virginia","54","48,616","10.9"
"Uninsured","2021","West Virginia","54","106,817","6.1"
"Households living below the federal poverty level","2021","West Virginia","54","56,866","12.3"
"Uninsured","2022","West Virginia","54","103,070","5.9"
"Households living below the federal poverty level","2022","West Virginia","54","60,661","13.1"
"Uninsured","2017","Wisconsin","55","309,404","5.4"
"Households living below the federal poverty level","2017","Wisconsin","55","104,965","7.1"
"Uninsured","2018","Wisconsin","55","313,158","5.5"
"Households living below the federal poverty level","2018","Wisconsin","55","104,116","7.0"
"Uninsured","2019","Wisconsin","55","328,654","5.7"
"Households living below the federal poverty level","2019","Wisconsin","55","91,147","6.2"
"Uninsured","2020 (COVID-19 Pandemic)","Wisconsin","55","323,891","5.6"
"Households living below the federal poverty level","2020 (COVID-19 Pandemic)","Wisconsin","55","88,097","6.0"
"Uninsured","2021","Wisconsin","55","312,171","5.4"
"Households living below the federal poverty level","2021","Wisconsin","55","102,996","6.8"
"Uninsured","2022","Wisconsin","55","302,843","5.2"
"Households living below the federal poverty level","2022","Wisconsin","55","102,755","6.8"
"Uninsured","2017","Wyoming","56","69,715","12.3"
"Households living below the federal poverty level","2017","Wyoming","56","11,075","7.6"
"Uninsured","2018","Wyoming","56","59,337","10.5"
"Households living below the federal poverty level","2018","Wyoming","56","10,261","7.1"
"Uninsured","2019","Wyoming","56","70,053","12.3"
"Households living below the federal poverty level","2019","Wyoming","56","10,089","6.6"
"Uninsured","2020 (COVID-19 Pandemic)","Wyoming","56","64,701","11.3"
"Households living below the federal poverty level","2020 (COVID-19 Pandemic)","Wyoming","56","8,239","5.3"
"Uninsured","2021","Wyoming","56","69,308","12.2"
"Households living below the federal poverty level","2021","Wyoming","56","11,764","7.8"
"Uninsured","2022","Wyoming","56","65,619","11.5"
"Households living below the federal poverty level","2022","Wyoming","56","13,189","8.6"
